Underlying,Strike,IV,TTM,RF,DivRate
109.5363281813056,98.5296691600875,0.23,151,0.045,0.047039352232225926
