Asset1,Asset2,Asset3
0.04568741078765268,0.018329837513673185,0.016714709708283582
0.018329837513673185,0.04834944241137626,0.01719476719887282
0.016714709708283582,0.01719476719887282,0.04020424552161158
