RF,Expected_Value_1,Expected_Value_2,Expected_Value_3
0.045,0.12913882911464453,0.13155535179860567,0.12392855449115958
