weight1,weight2,weight3
0.2638965543426399,0.21282173269180257,0.5232817129655575
